accuracy,precision,recall,f1_statistic,threshold,time_mins
0.968030183629989,0.05831408233055722,0.9131693908604526,0.10962746461444178,0.2,2563.17
0.9803114316034175,0.09073578364069183,0.9017817699896923,0.16488146788661484,0.30000000000000004,2563.17
0.9851853591536921,0.11657534685507386,0.8928974623275905,0.20622612205103785,0.4,2563.17
0.987900713681115,0.13830998922579651,0.8821479409021744,0.23912768689334918,0.5,2563.17
0.9899742302096336,0.16110311401031321,0.8679624993864429,0.27176393744957156,0.6000000000000001,2563.17
0.9919651234519903,0.19065112602834275,0.8406223923820744,0.31081105606068854,0.7,2563.17
0.9943232195448821,0.2432628380150246,0.774063711775389,0.37018779342723007,0.8,2563.17
0.9968449753352036,0.3687791601866252,0.651794041132872,0.4710452102658697,0.9,2563.17
