accuracy,precision,recall,auc,f1_statistic,train_time
0.8340807174887892,0.8355263157894737,0.9136690647482014,0.8830935251798562,0.872852233676976,403.6061329841614
